Audience,Information,Purpose,Owner,Frequency,Channel_Forum,Escalation_Trigger
Data Owners,Domain governance status; open quality lineage and classification packs; decisions required of the Owner,Enable in-policy domain decisions and issue closure,Business Data Steward prepares; Data Owner A for the decision,Biweekly or monthly by domain risk (Phase 3 domain huddle). Proposed / Illustrative — not claimed as live.,Domain huddle; Steward Forum papers when cross-domain,Owner silent or pack stalled; care-safety or cluster-report residual; cross-domain conflict
Data Owners (DMC standing: Patient Clinical Financial),Executive KPI pack; exception papers; Owner non-participation themes; residual sharing risk,Strategic oversight where the Owner is a Year-1 standing member,CDO / DMO pack; DMC A for strategy policy and material exceptions,Quarterly + extraordinary (Phase 3 DMC). Proposed / Illustrative.,Data Management Committee,Unresolved cross-domain meaning/risk; policy exception; material regulatory
Business Data Stewards,Operational governance actions; metadata quality and lineage issues; clash detection; draft standards,Execute Owner-approved rules and surface ageing work,Data Governance Officer (Steward Forum chair); domain Steward for huddle content,Monthly Steward Forum; domain huddle cadence as above. Proposed / Illustrative.,Steward Forum; Domain huddle,Steward cannot obtain an Owner decision; cross-domain clash; recurring ageing issues (qualitative — no numeric SLA)
DMC,Cross-domain issues; governance exceptions; KPI pack; alignment/verification status; Owner non-participation,Strategic decision and residual-risk acceptance within existing Phase 3 rights,CDO presents; DGO secretariat (non-member),Quarterly + extraordinary. Proposed / Illustrative.,Data Management Committee pack,Committee cannot settle residual; material regulatory — Cluster CEO A
DMO / CDO,Governance performance method; evidence completeness; open issues; verification status; intake queue,Coordinate the operating system without taking domain A,Data Governance Officer R; CDO A for programme KPI and alignment reporting,Weekly DMO operations huddle (triage only). Proposed / Illustrative.,DMO operations huddle; Steward Forum and DMC packs,Routing backlog; Owner unresponsive; exception pack incomplete; NDMO verification item blocking a designed evidence row
IT / Data Custodian,Technical implementation actions; metadata and lineage technical facts; access provisioning after business approval,Implement approved decisions; refuse only on NCA-aligned security grounds with dual path,Custodian R; CIO as DMC peer not as Data Owner,Domain huddle for systems they run; Steward Forum as needed. Proposed / Illustrative.,Domain huddle; Steward Forum; system change notes (no invented ticketing product),Security block → CISO path and CDO; business-rule dispute → Data Owner not IT decides
PDPO,Personal/health classification consult; sharing privacy-review packs; privacy-incident parallel notify,Keep privacy review A separate from business sharing A,PDPO A for privacy compliance review of personal-data sharing; Steward R for pack completeness,As needed on classification and sharing packs; DMC standing membership. Proposed / Illustrative.,Consult on domain packs; DMC when residual sharing risk is material,Personal-data incident — parallel notify PDPO + Compliance Officer + Legal; do not wait for quarterly DMC
Compliance Officer,Alignment self-assessment work; exception and issue themes that affect the data-management compliance process,Support CDO-led assessment work without replacing Internal Audit,Compliance Officer R on maturity/alignment row; CDO A,Quarterly DMC pack. Proposed / Illustrative.,Data Management Committee; dotted coordination with CDO,Material regulatory — Executive Sponsor A; CDO R coordinates
Data Consumers,Approved sources; access/share request status; known quality defects,Use data under policy and surface defects; no decision authority,Business Data Steward of the owning domain,None as a standing forum; invited to domain huddles when needed. Proposed / Illustrative.,Domain huddle invitation; request/issue records,Denied access or bad data → Steward for that domain
