Verification ID,Topic,Project Claim / Design Element,Source,Source Type,Verification Status,What Must Be Verified,Risk if Incorrect,Owner,Notes
RHC-WP-VER-001,NDMO Standards version,This repository uses Standards v1.5 January 2021 as the [C] source,02-governance-strategy/ndmo-alignment-approach.md,Official source used in project [C],Verification required,Whether v1.5 remains the binding text for a live 2026 programme; any successor publication,Domain names or counts used in mapping could be outdated,DMO,[NDMO verification required] for current binding version. v1.5 is the version used [C].
RHC-WP-VER-002,Official source completeness,Alignment uses only material already recorded from the retrieved PDF,Phase 2 source table,Project record of retrieval,Verification required,PDF authenticity for a live programme; Organizational Manual; Classification Regulation; Sharing Regulation; FOI Regulation,Unretrieved regulations may impose artifacts Rafid has not designed,DMO,Do not invent the missing documents.
RHC-WP-VER-003,Domain list,Fifteen domain names are used as the mapping backbone,14-ndmo-alignment/02-ndmo-domain-map.md,Official names recorded [C],Conceptually aligned,Uncopied domain IDs; exact domain definitions beyond the recorded names,Mapping an artifact to the wrong domain ID if IDs are guessed,DMO,IDs used only for DG MCM DC. Others: [NDMO verification required].
RHC-WP-VER-004,Control and specification IDs,Only recorded IDs are used (DG.1-DG.8 names; selected DG and DC specification IDs),14-ndmo-alignment/06-control-verification-register.md,Recorded IDs [C]; remainder unknown,Verification required,Remaining controls (77) and specifications (191) not copied in Phase 2,Invented IDs would look like fake NDMO compliance,DMO,Do not invent MCM.n quality or MDM control IDs.
RHC-WP-VER-005,Classification national names,Rafid Public / Internal / Confidential / Restricted are entity labels [A][B],05-data-classification/01-ndmo-baseline.md,Project design [A][B]; four-level concept [C],Verification required,Official NDMO tier names and definitions; Classification Regulation,Briefing Rafid Restricted as an NDMO national tier,DMO; Data Owner A,Two candidate name-sets remain unresolved in Phase 5. Neither is selected.
RHC-WP-VER-006,Metadata field list,Phase 8 mandatory metadata is Rafid design,08-metadata-catalog/04-minimum-metadata-standard.md,Project design [A][B]; MCM name [C],Verification required,Official NDMO metadata fields categories and catalog specifications,Treating Rafid mandatory fields as NDMO-mandatory,DMO,[NDMO verification required]. Working pack occupancy is not an official field list.
RHC-WP-VER-007,Data quality dimensions,Seven Rafid dimensions are entity design,07-data-quality/02-quality-dimensions.md,Project design [A][B]; domain name [C],Verification required,Exact NDMO quality dimensions thresholds CDE mandates and scoring,Claiming the seven names are NDMO-required,DMO; Data Owner A,No enterprise-wide quality index.
RHC-WP-VER-008,Lineage requirements,Lineage working pack is Rafid governance design,09-data-lineage/; working-pack/,Project design [A][B],Verification required,Whether NDMO specifies lineage artifacts granularity or registers,Overstating lineage as a verified NDMO control,DMO; Data Owner A,Lineage is not a separate domain name in the Phase 2 list. Map is conceptual to MCM.
RHC-WP-VER-009,MDM specifications,Conceptual MDM for Patient and Provider primary,10-master-data-management/,Project design [A][B]; domain name [C],Verification required,Official MDM / master data specifications including any golden-record rules,Claiming survivorship rules are NDMO-mandated,Data Owner A (Patient; Provider),Do not invent MDM control IDs.
RHC-WP-VER-010,Retention and lifecycle specifications,Retention periods are placeholders,11-data-lifecycle/06-retention-governance.md,Project design [A][B]; DG.6 name [C],Verification required,Official NDMO retention/archive/disposal specifications; healthcare legal clocks,Inventing a period (for example 7 years) as if verified,Data Owner A; Legal Advisor C; PDPO C where personal,DG.6 name is not treated as a retention spec pack.
RHC-WP-VER-011,Data sharing regulation,Dual Accountable sharing path is Rafid design using PDPO name,PRC-005; Phase 4,Project design [A][B]; domain and PDPO names [C],Verification required,Data Sharing Regulation text and specification-level sharing steps,Merging Owner and PDPO approvals or missing official steps,Data Owner A; PDPO A,[NDMO verification required].
RHC-WP-VER-012,PDPL overlay,PDPL is an L0 governance input; Personal Data Protection is an NDMO domain name,02-governance-strategy/policy-hierarchy.md; Phase 14 RHC-GAP-009,L0 watchlist; domain name [C],Verification required,PDPL legal overlay versus NDMO Personal Data Protection domain; PDPO versus PDPL DPO,Stating PDPL compliant or that PDPO equals DPO,PDPO review; Legal Advisor; DMO method,[NDMO verification required] / [Legal / regulatory verification required]. No articles copied in this repository.
RHC-WP-VER-013,NCA Domain 15,Rafid coordinates and does not duplicate NCA controls,Phase 2 alignment principles; Phase 14,NCA mandate name [C],Verification required,NCA control catalogue applicable to a health cluster,Inventing NCA IDs inside this governance pack,CISO path / Custodian with CDO coordination,Do not invent NCA IDs.
RHC-WP-VER-014,Organizational applicability,Rafid is modelled as a Public Entity health cluster,01-project-foundation/organization-profile.md,Illustrative assumption [A],Verification required,Whether NDMO audience and health-cluster model match a real entity type,Applying Public Entity duties to the wrong organizational form,DMO; Legal Advisor,[NDMO verification required].
RHC-WP-VER-015,Healthcare sector overlay,MOH CBAHI and related rules are a watchlist only,Phase 14 RHC-GAP-008,Not retrieved,Verification required,Which sector rules actually bind a cluster and how they sit at L2,Treating healthcare watchlist items as designed Rafid controls,Legal Advisor; Compliance Officer,[Legal / regulatory verification required].
RHC-WP-VER-016,Annual assessment method,NDMO describes annual specification-level binary assessment,Phase 2; 14-ndmo-alignment/18-assessment-readiness.md,Assessment described [C]; not executed,Verification required,Procedure detail beyond the Standards summary; current submission rules,Presenting Phase 14 as a completed NDMO assessment,CDO would lead a real assessment [C]; DMO prepares,Rafid has not performed the assessment.
RHC-WP-VER-017,Open Data and FOI,Open by Default adopted as principle name; FOI not designed,Phase 2 domain table; Phase 14,Domain names [C],Verification required,Open Data regulation; FOI Regulation; healthcare applicability,Implying FOI or Open Data programmes exist,ODIA (consulted); DMO,FOI artifact: not produced.
RHC-WP-VER-018,DG.5 Compliance Audit Framework,This working pack is not DG.5,14-ndmo-alignment/06-control-verification-register.md RHC-VER-008,Control name [C],Verification required,Official DG.5 requirement text and expected artifacts,Briefing this pack as the NDMO compliance audit framework,DMO; Compliance Officer,Verification Status: not started as DG.5. This pack remains a portfolio evidence design.
